{"cameraMode":{"drawMode":0,"name":"Shaded","section":"Shading Mode"},"sceneLighting":true,"audioPlay":false,"sceneViewState":{"m_AlwaysRefresh":false,"showFog":true,"showSkybox":true,"showFlares":true,"showImageEffects":true,"showParticleSystems":true,"showVisualEffectGraphs":true,"m_FxEnabled":true},"in2DMode":false,"pivot":{"x":2.3228981494903566,"y":4.771010398864746,"z":-0.584648609161377},"rotation":{"x":0.03576537221670151,"y":0.9597593545913696,"z":-0.14388428628444673,"w":0.23854854702949525},"size":59.76011276245117,"orthographic":false}